{
  "project": "migration",
  "global": {
    "input": 374388,
    "output": 367577,
    "costUsd": 6.636819,
    "totalCalls": 53
  },
  "batches": {},
  "programs": {
    "28": {
      "input": 153337,
      "output": 85871,
      "costUsd": 1.7480760000000002
    },
    "32": {
      "input": 115682,
      "output": 195556,
      "costUsd": 3.280386
    },
    "33": {
      "input": 76695,
      "output": 69847,
      "costUsd": 1.2777899999999998
    },
    "80": {
      "input": 4254,
      "output": 1394,
      "costUsd": 0.033672
    },
    "257": {
      "input": 24420,
      "output": 14909,
      "costUsd": 0.296895
    }
  }
}