{
  "project": "migration",
  "global": {
    "input": 28778,
    "output": 44626,
    "costUsd": 0.7557240000000001,
    "totalCalls": 3
  },
  "batches": {},
  "programs": {
    "33": {
      "input": 104,
      "output": 28323,
      "costUsd": 0.425157
    },
    "80": {
      "input": 4254,
      "output": 1394,
      "costUsd": 0.033672
    },
    "257": {
      "input": 24420,
      "output": 14909,
      "costUsd": 0.296895
    }
  }
}