{
  "project": "migration",
  "global": {
    "input": 38995,
    "output": 45256,
    "costUsd": 0.795825,
    "totalCalls": 4
  },
  "batches": {},
  "programs": {
    "28": {
      "input": 10217,
      "output": 630,
      "costUsd": 0.040101
    },
    "33": {
      "input": 104,
      "output": 28323,
      "costUsd": 0.425157
    },
    "80": {
      "input": 4254,
      "output": 1394,
      "costUsd": 0.033672
    },
    "257": {
      "input": 24420,
      "output": 14909,
      "costUsd": 0.296895
    }
  }
}