{
  "project": "migration",
  "global": {
    "input": 739683,
    "output": 420556,
    "costUsd": 8.527389000000003,
    "totalCalls": 78
  },
  "batches": {},
  "programs": {
    "28": {
      "input": 351807,
      "output": 110942,
      "costUsd": 2.7195510000000005
    },
    "32": {
      "input": 201474,
      "output": 208757,
      "costUsd": 3.735777
    },
    "33": {
      "input": 157728,
      "output": 84554,
      "costUsd": 1.7414939999999999
    },
    "80": {
      "input": 4254,
      "output": 1394,
      "costUsd": 0.033672
    },
    "257": {
      "input": 24420,
      "output": 14909,
      "costUsd": 0.296895
    }
  }
}