{
  "project": "migration",
  "global": {
    "input": 648235,
    "output": 415120,
    "costUsd": 8.171505,
    "totalCalls": 69
  },
  "batches": {},
  "programs": {
    "28": {
      "input": 305326,
      "output": 108703,
      "costUsd": 2.5465230000000005
    },
    "32": {
      "input": 178359,
      "output": 207201,
      "costUsd": 3.643092
    },
    "33": {
      "input": 135876,
      "output": 82913,
      "costUsd": 1.6513229999999999
    },
    "80": {
      "input": 4254,
      "output": 1394,
      "costUsd": 0.033672
    },
    "257": {
      "input": 24420,
      "output": 14909,
      "costUsd": 0.296895
    }
  }
}