{
  "project": "migration",
  "global": {
    "input": 678639,
    "output": 416992,
    "costUsd": 8.290797,
    "totalCalls": 72
  },
  "batches": {},
  "programs": {
    "28": {
      "input": 320877,
      "output": 109496,
      "costUsd": 2.6050710000000006
    },
    "32": {
      "input": 185928,
      "output": 207700,
      "costUsd": 3.673284
    },
    "33": {
      "input": 143160,
      "output": 83493,
      "costUsd": 1.6818749999999998
    },
    "80": {
      "input": 4254,
      "output": 1394,
      "costUsd": 0.033672
    },
    "257": {
      "input": 24420,
      "output": 14909,
      "costUsd": 0.296895
    }
  }
}