{
  "project": "migration",
  "global": {
    "input": 39344,
    "output": 220619,
    "costUsd": 3.427317,
    "totalCalls": 22
  },
  "batches": {},
  "programs": {
    "28": {
      "input": 10327,
      "output": 67536,
      "costUsd": 1.044021
    },
    "32": {
      "input": 169,
      "output": 92231,
      "costUsd": 1.383972
    },
    "33": {
      "input": 174,
      "output": 44549,
      "costUsd": 0.6687569999999999
    },
    "80": {
      "input": 4254,
      "output": 1394,
      "costUsd": 0.033672
    },
    "257": {
      "input": 24420,
      "output": 14909,
      "costUsd": 0.296895
    }
  }
}