{
  "project": "migration",
  "global": {
    "input": 39402,
    "output": 230046,
    "costUsd": 3.568896,
    "totalCalls": 25
  },
  "batches": {},
  "programs": {
    "28": {
      "input": 10351,
      "output": 71201,
      "costUsd": 1.0990680000000002
    },
    "32": {
      "input": 193,
      "output": 95178,
      "costUsd": 1.4282489999999999
    },
    "33": {
      "input": 184,
      "output": 47364,
      "costUsd": 0.711012
    },
    "80": {
      "input": 4254,
      "output": 1394,
      "costUsd": 0.033672
    },
    "257": {
      "input": 24420,
      "output": 14909,
      "costUsd": 0.296895
    }
  }
}