{
  "project": "migration",
  "global": {
    "input": 241605,
    "output": 239186,
    "costUsd": 4.312605,
    "totalCalls": 40
  },
  "batches": {},
  "programs": {
    "28": {
      "input": 124478,
      "output": 75056,
      "costUsd": 1.4992740000000002
    },
    "32": {
      "input": 44772,
      "output": 97873,
      "costUsd": 1.6024109999999998
    },
    "33": {
      "input": 43681,
      "output": 49954,
      "costUsd": 0.8803529999999999
    },
    "80": {
      "input": 4254,
      "output": 1394,
      "costUsd": 0.033672
    },
    "257": {
      "input": 24420,
      "output": 14909,
      "costUsd": 0.296895
    }
  }
}