{
  "project": "migration",
  "global": {
    "input": 374201,
    "output": 294290,
    "costUsd": 5.5369530000000005,
    "totalCalls": 48
  },
  "batches": {},
  "programs": {
    "28": {
      "input": 153303,
      "output": 77979,
      "costUsd": 1.6295940000000002
    },
    "32": {
      "input": 115539,
      "output": 132950,
      "costUsd": 2.340867
    },
    "33": {
      "input": 76685,
      "output": 67058,
      "costUsd": 1.2359249999999997
    },
    "80": {
      "input": 4254,
      "output": 1394,
      "costUsd": 0.033672
    },
    "257": {
      "input": 24420,
      "output": 14909,
      "costUsd": 0.296895
    }
  }
}