{
  "project": "migration",
  "global": {
    "input": 709167,
    "output": 418990,
    "costUsd": 8.412351000000001,
    "totalCalls": 75
  },
  "batches": {},
  "programs": {
    "28": {
      "input": 336348,
      "output": 110380,
      "costUsd": 2.6647440000000007
    },
    "32": {
      "input": 193701,
      "output": 208266,
      "costUsd": 3.705093
    },
    "33": {
      "input": 150444,
      "output": 84041,
      "costUsd": 1.7119469999999999
    },
    "80": {
      "input": 4254,
      "output": 1394,
      "costUsd": 0.033672
    },
    "257": {
      "input": 24420,
      "output": 14909,
      "costUsd": 0.296895
    }
  }
}